mean,lower_bound,upper_bound,prediction_round
29,23.171294663790217,34.82870533620979,1
