mean,lower_bound,upper_bound,prediction_round
30.243058262899,24.05371237091977,36.43240415487824,1
